idx,직무(업무명),업무세부내역,Analysis_name,Platfom,Pipeline Name,Pipeline Version,Group,Step,tools,version,CPUs,MEM(G),TIME(hr),nTask(병렬),SIZE(MB),USER,비고
1,Whole Genome Sequencing,Human 기본 분석,PacBio Revio Human Whole Genome Sequencing,PacBio Revio,Hifi-human-WGS-WDL,3.1.0,consolidate,consolidate_stats,python,3.9,1,1,0.1,1,1,박윤기,"WGS, 40x 기준"
2,,,,,,,downstream,coverage_dropouts,python,3.9,2,4,4,1,1,,
3,,,,,,,,hiphase,hiphase,1.5.0-8af3f1e,16,96,4,1,"59,463",,
4,,,,,,,,bam_stats,samtools,1.20,2,8,2,1,104,,
5,,,,,,,,cpg_pileup,aligned_bam_to_cpg_scores,3.0.0,16,32,1,1,"2,917",,
6,,,,,,,,pbstarphase_diplotype,pbstarphase,1.4.1-c0c8c26,2,16,1,1,1,,
7,,,,,,,,sv_stats,bcftools,1.20,2,4,1,1,1,,
8,,,,,,,,bcftools_stats_roh_small_variants,bcftools,1.20,2,4,1,1,35,,
9,,,,,,,,filter_preprocessed_vcf,"bcftools
mosdepth","1.20
0.3.9",4,8,0.2,1,1,,
10,,,,,,,,methbat,methbat,0.15.0,2,4,0.2,1,5,,
11,,,,,,,,pharmcat_preprocess,python,3.9,2,4,0.2,1,1,,
12,,,,,,,,run_pharmcat,pharmcat,2.15.4,2,4,0.2,1,2,,
13,,,,,,,tertiary,slivar_small_variant,slivar,0.3.1,8,16,0.2,1,19,,
14,,,,,,,,svpack_filter_annotated,svpack,54b54db,2,16,0.2,1,1,,
15,,,,,,,,slivar_svpack_tsv,slivar,0.3.1,2,4,0.2,1,7,,
16,,,,,,,,write_phrank,python,3.9,1,2,0.2,1,1,,
17,,,,,,,upstream,pbmm2_align_wgs,pbmm2,1.17.0,32,128,5,14,"61,094",,
18,,,,,,,,deepvariant_make_examples,deepvariant,1.9.0,8,32,4,8,"16,085",,
19,,,,,,,,bamTofastq,samtools,1.21,8,32,6,1,"45,510",,
20,,,,,,,,fastqc,fastqc,v0.12.1,8,32,5,1,1,,
21,,,,,,,,nanostat,nanostat,1.6.0,8,32,5,1,1,,
22,,,,,,,,paraphase,paraphase,3.3.4,8,16,4,1,262,,
23,,,,,,,,mosdepth,mosdepth,0.3.9,4,8,3,1,34,,
24,,,,,,,,mitorsaw,mitorsaw,0.2.4,4,32,3,1,1,,
25,,,,,,,,samtools_stat,samtools,1.19.2,8,32,3,1,5,,
26,,,,,,,,merge_hifi_bams,samtools,1.20,8,16,3,1,"60,402",,
27,,,,,,,,trgt,trgt,4.0.0,32,64,1.5,1,"3,605",,
28,,,,,,,,split_input_bam,"pindex
zmwfilter","3.5.0
3.5.0",16,32,1.2,1,"60,948",,
29,,,,,,,,sawfish_discover,sawfish,2.1.1,16,128,1.2,1,168,,
30,,,,,,,,deepvariant_call_variants_cpu,deepvariant,1.9.0,64,256,1,1,185,,
31,,,,,,,,deepvariant_postprocess_variants,deepvariant,1.9.0,2,72,0.6,1,694,,
32,,,,,,,,sawfish_call,sawfish,2.1.1,16,32,0.3,1,210,,
33,,,,,Inhouse,1.0.0,multiqc report,multiqc report,multiqc,1.30,1,1,0.1,1,1,,
34,,,,,,,rmkinetic,remove_kinetic,python,3.11,8,64,4,1,"61,094",,
35,,,Illumina Novaseq Human Whole Genome Sequencing,Illumina NovaSeq,Inhouse,1.0.0,Fastq_to_ubam,Fastq_to_ubam,"gatk FastqToSam
gatk MarkIlluminaAdapters",4.2.2.0,2,12,3,1,"80,000",이유빈,"WGS, 30x 기준"
36,,,,,warp - WholeGenomeGermlineSingleSample,3.3.3,UnmappedBamToAlignedBam,CollectQualityYieldMeterics,picard CollectQualityYieldMetrics,2.26.10,2,3.5,0.6,1,0.1,,
37,,,,,,,,SamSplitter,picard SplitSamByNumberOfReads,2.26.10,2,4,1.1,1,"80,400",,
38,,,,,,,,SamToFastqAndBwaMemAndMba,"picard SamToFastq
bwa mem
picard MergeBamAlignment","2.26.10
0.7.15
2.26.10",16,14,5.7,19,"6,000",,
39,,,,,,,,GatherMonolithicBamFile,picard GatherBamFiles,2.26.10,2,3,0.5,1,"98,200",,
40,,,,,,,,CreateSequenceGroupingTSV,python,3.9,2,2,0.1,1,0.1,,
41,,,,,,,,CollectUnsortedReadgroupBamQualityMetrics,picard CollectMultipleMetrics,2.26.10,2,7,1.7,1,0.1,,
42,,,,,,,,MarkDuplicates,picard MarkDuplicates,2.26.10,2,7.5,2.5,1,"108,000",,
43,,,,,,,,SortSampleBam,picard SortSam,2.26.10,1,5,14.8,1,"48,100",,
44,,,,,,,,CrossCheckFingerprints,picard CrossCheckFingerprints,2.26.10,2,3.5,2.8,1,0.1,,
45,,,,,,,,BaseRecalibrator,gatk BaseRecalibrator,4.3.0.0,2,6,2.9,18,0.1,,
46,,,,,,,,CheckContamination,VerifyBamID,1.0.1,2,7.5,5.4,1,0.1,,
47,,,,,,,,GatherBqsrReports,gatk GatherBQSRReports,4.3.0.0,2,3.5,0.1,1,0.1,,
48,,,,,,,,ApplyBQSR,gatk ApplyBQSR,4.3.0.0,2,3.5,2.3,19,"4,000",,
49,,,,,,,,GatherBamFiles,picard GatherBamFiles,2.26.10,2,3,0.5,1,"46,000",,
50,,,,,,,AggregatedBamQC,CalculateReadGroupChecksum,picard CalculateReadGroupChecksum,2.26.10,2,6,0.7,1,0.1,,
51,,,,,,,,CollectReadgroupBamQualityMetrics,picard CollectMultipleMetrics,2.26.10,2,7,1.7,1,0.1,,
52,,,,,,,,CollectAggregationMetrics,picard CollectMultipleMetrics,2.26.10,2,7,4,1,1,,
53,,,,,,,BamToGvcf,ScatterIntervalList,picard IntervalListTools,2.26.10,2,2,0.2,1,7,,
54,,,,,,,,HaplotypeCallerGATK3,"gatk PrintReads
gatk HaplotypeCaller",4.3.0.0,1,10,5.3,10,"5,000",,
55,,,,,,,,MergeVCFs,picard MergeVcfs,2.26.10,2,3,0.3,1,"3,500",,
56,,,,,,,,Reblock,gatk ReblockGVCF,4.3.0.0,2,4,0.5,1,660,,
57,,,,,,,,CollectVariantCallingMetrics,picard CollectVariantCallingMetrics,2.26.10,2,3,0.2,1,0.1,,
58,,,,,,,,ValidateVCF,"gatk VcfToIntervalList
gatk ValidateVariants",4.3.0.0,2,7,0.2,1,0,,
59,,,,,,,CollectWgsMetrics,CollectWgsMetrics,picard CollectWgsMetrics,2.26.10,2,3,1.7,1,0.1,,
60,,,,,,,CollectRawWgsMetrics,CollectRawWgsMetrics,picard CollectRawWgsMetrics,2.26.10,2,5,1.7,1,0.1,,
61,,,,,,,BamToCram,CheckPreValidation,python,3.9,2,2,0.1,1,0,,
62,,,,,,,,ConvertToCram,samtools,1.0.2,1,3,1.2,1,"10,600",,
63,,,,,,,,ValidateCram,picard ValidateSamFile,2.26.10,2,16,1.7,1,0.1,,
64,,,,,warp - JointGenotyping,1.7.2,CheckSamplesUnique,CheckSamplesUnique,bash,-,2,1,0.1,1,0,,
65,,,,,,,SplitIntervalList,SplitIntervalList,gatk SplitIntervals,4.6.1.0,2,4,0.1,1,26,,
66,,,,,,,ImportGVFs,ImportGVFs,gatk GenomicsDBImport,4.6.1.0,4,29.5,1.4,47,"3,000",,
67,,,,,,,GenotypeGVCFs,GenotypeGVCFs,gatk GenotypeGVCFs,4.6.1.0,2,25.5,1.1,47,400,,
68,,,,,,,HardFilterAndMakeSitesOnlyVcf,HardFilterAndMakeSitesOnlyVcf,"gatk VariantFiltration
gatk MakeSitesOnlyVCF",4.6.1.0,1,4,0.1,47,400,,
69,,,,,,,SitesOnlyGatherVcf,SitesOnlyGatherVcf,gatk GatherVcfsCloud,4.6.1.0,1,7,0.1,1,"1,320",,
70,,,,,,,IndelsVariantRecalibrator,IndelsVariantRecalibrator,gatk VariantRecalibrator,4.6.1.0,2,25.5,0.2,1,230,,
71,,,,,,,SNPsVariantRecalibratorClassic,SNPsVariantRecalibratorClassic,gatk VariantRecalibrator,4.6.1.0,2,27,0.7,1,"1,200",,
72,,,,,,,ApplyRecalibration,ApplyRecalibration,gatk ApplyVQSR,4.6.1.0,1,7,0.2,47,"2,000",,
73,,,,,,,FinalGatherVcf,FinalGatherVcf,gatk GatherVcfsCloud,4.6.1.0,1,7,0.1,1,"9,100",,
74,,,,,,,CollectMetricsOnFullVcf,CollectMetricsOnFullVcf,gatk CollectVariantCallingMetrics,4.6.1.0,2,7.5,0.2,1,0.1,,
75,,,,,,,CrossCheckFingerprintSolo,CrossCheckFingerprintSolo,gatk CrosscheckFingerprints,4.6.1.0,2,120,1.5,1,0.1,,
76,,,,,Inhouse,1.0.0,Variant Annotation & Make Summary file,Variant Annotation & Make Summary file,"SnpEff
svdb","4.2
2.8.2",32,36,10,1,"25,000",,
77,,,,,,,Fastq QC,Fastq QC,FastQ Screen,0.16.0,16,36,0.5,1,10,,
78,,,,,,,Bam QC,Bam QC,"qualimap
samtools","2.2.2
1.6",16,36,2,1,3,,
79,,,,,,,VCF QC,gVCF genotyping & VCF stats,"gatk GenotypeGVCFs
bcftools","4.6.1.0
1.19",16,36,0.5,1,300,,
80,,,,,,,Multiqc Report,Multiqc Report,multiqc,1.30,1,2,0.1,1,30,,
81,,NonHuman 기본 분석,Illumina Novaseq non-Human Whole Genome Sequencing,Illumina NovaSeq,Inhouse,1.0.0,Fastq_to_ubam,Fastq_to_ubam,"gatk FastqToSam
gatk MarkIlluminaAdapters",4.2.2.0,2,12,0.5,1,"12,000",이유빈,"WGS, 상추 genome 기준"
82,,,,,warp - WholeGenomeGermlineSingleSample,3.3.3,UnmappedBamToAlignedBam,CollectQualityYieldMeterics,picard CollectQualityYieldMetrics,2.26.10,2,3.5,0.1,1,0.1,,
83,,,,,,,,SamToFastqAndBwaMemAndMba,"picard SamToFastq
bwa mem
picard MergeBamAlignment","2.26.10
0.7.15
2.26.10",16,14,5.2,1,"16,000",,
84,,,,,,,,CreateSequenceGroupingTSV,python,3.9,2,2,0.1,1,0.1,,
85,,,,,,,,CollectUnsortedReadgroupBamQualityMetrics,picard CollectMultipleMetrics,2.26.10,2,7,0.2,1,0.2,,
86,,,,,,,,MarkDuplicates,picard MarkDuplicates,2.26.10,2,7.5,0.4,1,"18,000",,
87,,,,,,,,SortSampleBam,picard SortSam,2.26.10,1,5,0.4,1,"8,900",,
88,,,,,,,,GatherBamFiles,picard GatherBamFiles,2.26.10,2,3,0.1,1,"8,900",,
89,,,,,,,AggregatedBamQC,CalculateReadGroupChecksum,picard CalculateReadGroupChecksum,2.26.10,2,6,0.1,1,0.1,,
90,,,,,,,,CollectReadgroupBamQualityMetrics,picard CollectMultipleMetrics,2.26.10,2,7,0.3,1,0.1,,
91,,,,,,,,CollectAggregationMetrics,picard CollectMultipleMetrics,2.26.10,2,7,0.6,1,0.2,,
92,,,,,,,BamToGvcf,ScatterIntervalList,picard IntervalListTools,2.26.10,2,2,0.1,1,0.4,,
93,,,,,,,,HaplotypeCallerGATK3,"gatk PrintReads
gatk HaplotypeCaller",4.3.0.0,1,10,10.9,10,"1,400",,
94,,,,,,,,MergeVCFs,picard MergeVcfs,2.26.10,2,3,0.2,1,"1,800",,
95,,,,,,,,Reblock,gatk ReblockGVCF,4.3.0.0,2,4,0.3,1,"1,200",,
96,,,,,,,,ValidateVCF,"gatk VcfToIntervalList
gatk ValidateVariants",4.3.0.0,2,7,0.1,1,0,,
97,,,,,,,CollectWgsMetrics,CollectWgsMetrics,picard CollectWgsMetrics,2.26.10,2,3,0.2,1,0.1,,
98,,,,,,,CollectRawWgsMetrics,CollectRawWgsMetrics,picard CollectRawWgsMetrics,2.26.10,2,5,0.2,1,1,,
99,,,,,,,BamToCram,CheckPreValidation,python,3.9,2,2,0.1,1,0,,
100,,,,,,,,ConvertToCram,samtools,1.0.2,1,3,0.2,1,"3,500",,
101,,,,,,,,ValidateCram,picard ValidateSamFile,2.26.10,2,16,0.5,1,0.1,,
102,,,,,warp - JointGenotyping,1.7.2,CheckSamplesUnique,CheckSamplesUnique,bash,-,2,1,0.1,1,0,,
103,,,,,,,SplitIntervalList,SplitIntervalList,gatk SplitIntervals,4.6.1.0,2,4,0.1,1,0.1,,
104,,,,,,,ImportGVFs,ImportGVFs,gatk GenomicsDBImport,4.6.1.0,4,29.5,1,21,115,,
105,,,,,,,GenotypeGVCFs,GenotypeGVCFs,gatk GenotypeGVCFs,4.6.1.0,2,25.5,1,21,860,,
106,,,,,,,FinalGatherVcf,FinalGatherVcf,gatk GatherVcfsCloud,4.6.1.0,1,7,0.1,1,"18,000",,
107,,,,,Inhouse,1.0.0,Variant Annotation & Make Summary file,Variant Annotation & Make Summary file,"SnpEff
svdb","4.2 / 5.3a
2.8.2",32,36,23,1,"251,000",,
108,,,,,,,,Convert Variant Summary file from txt to excel,perl,5.40.2,6,24,0.5,364,"96,000",,
109,,,,,,,Fastq QC,Fastq QC,FastQ Screen,0.16.0,16,36,0.2,1,6.5,,
110,,,,,,,Bam QC,Bam QC,"qualimap
samtools","2.2.2
1.6",16,36,0.3,1,1.5,,
111,,,,,,,VCF QC,gVCF genotyping & VCF stats,"gatk GenotypeGVCFs
bcftools","4.6.1.0
1.19",16,36,0.9,1,700,,
112,,,,,,,Multiqc Report,Multiqc Report,multiqc,1.30,1,2,0.1,1,50,,
113,Whole Exome Sequencing,Human 기본 분석,Illumina Novaseq Human Whole Exome Sequencing,Illumina NovaSeq,Inhouse,1.0.0,Fastq_to_ubam,Fastq_to_ubam,"gatk FastqToSam
gatk MarkIlluminaAdapters",4.2.2.0,2,12,0.2,1,"38,000",이유빈,"WES, 100x 기준 (Twist_Refseq panel)"
114,,,,,warp - ExomeGermlineSingleSample,3.2.3,GenerateSubsettedContaminationResources,GenerateSubsettedContaminationResources,bedtools,2.27.1,2,3.5,0.1,1,0.5,,
115,,,,,,,UnmappedBamToAlignedBam,CollectQualityYieldMeterics,picard CollectQualityYieldMetrics,2.26.10,2,3.5,0.1,1,0.1,,
116,,,,,,,,SamToFastqAndBwaMemAndMba,"picard SamToFastq
bwa mem
picard MergeBamAlignment","2.26.10
0.7.15
2.26.10",16,14,0.6,1,"4,600",,
117,,,,,,,,CreateSequenceGroupingTSV,python,3.9,2,2,0.1,1,0.1,,
118,,,,,,,,CollectUnsortedReadgroupBamQualityMetrics,picard CollectMultipleMetrics,2.26.10,2,7,0.1,1,0.1,,
119,,,,,,,,MarkDuplicates,picard MarkDuplicates,2.26.10,2,7.5,0.2,1,"5,000",,
120,,,,,,,,SortSampleBam,picard SortSam,2.26.10,1,5,0.2,1,"2,500",,
121,,,,,,,,CrossCheckFingerprints,picard CrossCheckFingerprints,2.26.10,2,3.5,0.6,1,0.1,,
122,,,,,,,,BaseRecalibrator,gatk BaseRecalibrator,4.3.0.0,2,6,0.6,18,0.1,,
123,,,,,,,,CheckContamination,VerifyBamID,1.0.1,2,7.5,0.6,1,0.1,,
124,,,,,,,,GatherBqsrReports,gatk GatherBQSRReports,4.3.0.0,2,3.5,0.1,1,0.1,,
125,,,,,,,,ApplyBQSR,gatk ApplyBQSR,4.3.0.0,2,3.5,0.6,19,240,,
126,,,,,,,,GatherBamFiles,picard GatherBamFiles,2.26.10,2,3,0.1,1,"2,400",,
127,,,,,,,AggregatedBamQC,CalculateReadGroupChecksum,picard CalculateReadGroupChecksum,2.26.10,2,6,0.1,1,0.1,,
128,,,,,,,,CollectReadgroupBamQualityMetrics,picard CollectMultipleMetrics,2.26.10,2,7,0.3,1,0.1,,
129,,,,,,,,CollectAggregationMetrics,picard CollectMultipleMetrics,2.26.10,2,7,0.3,1,0.1,,
130,,,,,,,BamToGvcf,ScatterIntervalList,picard IntervalListTools,2.26.10,2,2,0.2,1,12,,
131,,,,,,,,HaplotypeCallerGATK4,gatk HaplotypeCaller,4.3.0.0,2,10,0.3,10,1.2,,
132,,,,,,,,MergeVCFs,picard MergeVcfs,2.26.10,2,3,0.1,1,9.5,,
133,,,,,,,,Reblock,gatk ReblockGVCF,4.3.0.0,2,4,0.1,1,7,,
134,,,,,,,,CollectVariantCallingMetrics,picard CollectVariantCallingMetrics,2.26.10,2,3,0.1,1,0.1,,
135,,,,,,,,ValidateVCF,"gatk VcfToIntervalList
gatk ValidateVariants",4.3.0.0,2,7,0.2,1,0,,
136,,,,,,,CollectHsMetrics,CollectHsMetrics,picard CollectHsMetrics,2.26.10,2,7,0.3,1,0.1,,
137,,,,,,,BamToCram,CheckPreValidation,python,3.9,2,2,0.1,1,0,,
138,,,,,,,,ConvertToCram,samtools,1.0.2,1,3,0.1,1,575,,
139,,,,,,,,ValidateCram,picard ValidateSamFile,2.26.10,2,16,0.2,1,0,,
140,,,,,warp - JointGenotyping,1.7.2,CheckSamplesUnique,CheckSamplesUnique,bash,-,2,1,0.1,1,0,,
141,,,,,,,SplitIntervalList,SplitIntervalList,gatk SplitIntervals,4.6.1.0,2,4,0.1,1,7,,
142,,,,,,,ImportGVFs,ImportGVFs,gatk GenomicsDBImport,4.6.1.0,4,29.5,0.1,2,17,,
143,,,,,,,GenotypeGVCFs,GenotypeGVCFs,gatk GenotypeGVCFs,4.6.1.0,2,25.5,0.1,2,2,,
144,,,,,,,HardFilterAndMakeSitesOnlyVcf,HardFilterAndMakeSitesOnlyVcf,"gatk VariantFiltration
gatk MakeSitesOnlyVCF",4.6.1.0,1,4,0.1,2,7,,
145,,,,,,,SitesOnlyGatherVcf,SitesOnlyGatherVcf,gatk GatherVcfsCloud,4.6.1.0,1,7,0.1,1,3,,
146,,,,,,,IndelsVariantRecalibrator,IndelsVariantRecalibrator,gatk VariantRecalibrator,4.6.1.0,2,25.5,0.1,1,0.5,,
147,,,,,,,SNPsVariantRecalibratorClassic,SNPsVariantRecalibratorClassic,gatk VariantRecalibrator,4.6.1.0,2,24.5,0.1,1,4,,
148,,,,,,,ApplyRecalibration,ApplyRecalibration,gatk ApplyVQSR,4.6.1.0,1,7,0.1,2,5,,
149,,,,,,,FinalGatherVcf,FinalGatherVcf,gatk GatherVcfsCloud,4.6.1.0,1,7,0.1,1,5,,
150,,,,,,,CollectMetricsOnFullVcf,CollectMetricsOnFullVcf,gatk CollectVariantCallingMetrics,4.6.1.0,2,7.5,0.1,1,0.1,,
151,,,,,,,CrossCheckFingerprintSolo,CrossCheckFingerprintSolo,gatk CrosscheckFingerprints,4.6.1.0,2,15,0.1,1,0.1,,
152,,,,,Inhouse,1.0.0,Variant Annotation & Make Summary file,Variant Annotation & Make Summary file,"SnpEff
svdb","4.2
2.8.2",32,36,1,1,"14,000",,
153,,,,,,,Fastq QC,Fastq QC,FastQ Screen,0.16.0,16,25,0.1,1,6.5,,
154,,,,,,,Bam QC,Bam QC,"qualimap
samtools","2.2.2
1.6",16,25,0.1,1,2,,
155,,,,,,,VCF QC,gVCF genotyping & VCF stats,"gatk GenotypeGVCFs
bcftools","4.6.1.0
1.19",16,25,0.1,1,2,,
156,,,,,,,Multiqc Report,Multiqc Report,multiqc,1.30,1,2,0.1,1,15,,
157,Whole Exome Sequencing,DNAGPS,Illumina Novaseq  DNAGPS VN,Illumina NoavaSeq,Inhouse,1.0.0,Fastq_to_ubam,Fastq_to_ubam,"gatk FastqToSam
gatk MarkIlluminaAdapters",4.2.2.0,1,64,0.4,1,"9,200",이유빈,샘플 1개 분석 기준
158,,,,,,,AlignBam,SamToFastqAndBwaMemAndMba,"picard SamToFastq
bwa mem
picard MergeBamAlignment","2.25.4
0.7.17
2.25.4",16,64,1.5,1,"6,300",,
159,,,,,,,MarkDuplicates,MarkDuplicates,gatk MarkDuplicates,4.2.2.0,1,64,0.4,1,"6,300",,
160,,,,,,,SortBam,SortBam,samtools,4.2.2.0,16,16,0.1,1,"6,300",,
161,,,,,,,VariantCalling,VariantCalling,gatk HaplotypeCaller,4.2.2.0,1,64,0.2,1,0.1,,
162,,,,,,,Combine & Genotype GVCFs,Combine & Genotype GVCFs,"gatk CombineGVCFs
gatk GenotypeGVCFs",4.2.2.0,1,64,0.2,1,0.2,,
163,,,,,,,Output formatting,Output formatting,"bcftools
plink","1.19
1.90",1,64,0.1,1,0.1,,
164,,Human Germline CNV 분석,Illumina Novaseq Human Germline Copy Number Variation,Illumina NoavaSeq,gatk CNV Germline Cohort Workflow,1.0.0,PreprocessIntervals,PreprocessIntervals,gatk PreprocessIntervals,4.6.1.0,1,2,0.1,1,8.5,이유빈,"WGS, 30x 기준"
165,,,,,,,AnnotateIntervals,AnnotateIntervals,gatk AnnotateIntervals,4.6.1.0,1,2,0.8,1,15,,
166,,,,,,,CollectCounts,CollectCounts,gatk CollectReadCounts,4.6.1.0,1,7,1.3,10,10,,
167,,,,,,,FilterIntervals,FilterIntervals,gatk FilterIntervals,4.6.1.0,1,7,0.1,1,8,,
168,,,,,,,ScatterIntervals,ScatterIntervals,gatk IntervalListTools,4.6.1.0,1,2,0.1,1,155.5,,
169,,,,,,,DetermineGermlineContigPloidyCohortMode,DetermineGermlineContigPloidyCohortMode,gatk DetermineGermlineContigPloidy,4.6.1.0,1,7,0.1,1,1.5,,
170,,,,,,,GermlineCNVCallerCohortMode,GermlineCNVCallerCohortMode,gatk GermlineCNVCaller,4.6.1.0,1,7,0.3,267,7,,
171,,,,,,,ScatterPloidyCallsBySample,ScatterPloidyCallsBySample,bash,-,1,2,0.2,1,0.1,,
172,,,,,,,PostprocessGermlineCNVCalls,PostprocessGermlineCNVCalls,gatk PostprocessGermlineCNVCalls,4.6.1.0,1,7,0.2,10,18,,
173,,,,,,,WritePloidyCalls,WritePloidyCalls,python,latest,2,7,0.1,1,0.1,,
174,,,,,,,WriteGCNVCalls,WriteGCNVCalls,bash,-,2,7,0.1,1,1,,
175,,,,,,,WriteIntervals,WriteIntervals,python,latest,2,7,0.1,1,0.1,,
176,,,,,,,WriteIntervalIndexes,WriteIntervalIndexes,python,latest,2,7,0.1,1,0.1,,
177,,,,,,,WriteSegments,WriteSegments,python,latest,2,7,0.1,1,0.1,,
178,,,,,,,WriteSegmentIndexes,WriteSegmentIndexes,python,latest,2,7,0.1,1,0.1,,
179,,,,,,,Report,Make summary files,"bash
gatk VariantsToTable
python",".
4.6.1.0
3.11.8",1,1,0.1,1,105,,
180,,,,,,,,Make plots,"R
python","4.4.2
3.11.8",1,1,0.1,1,3,,
181,,,,,,,,Report,quarto,1.7.31,1,1,0.1,1,8,,
182,Whole Genome Sequencing,Human Structural Variant 분석,Illumina Novaseq Human Structural Variant,Illumina NovaSeq,nf-core/sarek,3.5.1,PREPARE_INTERVALS,CREATE_INTERVALS_BED,gawk,5.1.0,1,1,0.1,1,0.1,이유빈,"WGS, 30x 기준"
183,,,,,,,,TABIX_BGZIPTABIX_INTERVAL_COMBINED,"bgzip
tabix",1.20,1,1,0.1,1,0.1,,
184,,,,,,,,TABIX_BGZIPTABIX_INTERVAL_SPLIT,"bgzip
tabix",1.20,1,1,0.1,21,0.1,,
185,,,,,,,CRAM_SAMPLEQC,CRAM_QC_RECAL,mosdepth,0.3.8,4,4,0.1,10,65,,
186,,,,,,,,CRAM_QC_RECAL,samtools,1.21,1,6,0.6,10,0.2,,
187,,,,,,,BAM_VARIANT_CALLING_GERMLINE_ALL,BAM_VARIANT_CALLING_GERMLINE_MANTA,manta,1.6.0,10,8,4,10,1,,
188,,,,,,,VCF_QC_BCFTOOLS_VCFTOOLS,BCFTOOLS_STATS,bcftools,1.20,1,1,0.1,10,0.1,,
189,,,,,,,,VCFTOOLS_TSTV_QUAL,vcftools,0.1.16,1,1,0.1,10,0.1,,
190,,,,,,,,VCFTOOLS_TSTV_COUNT,vcftools,0.1.16,1,1,0.1,10,0.1,,
191,,,,,,,,VCFTOOLS_SUMMARY,vcftools,0.1.16,1,1,0.1,10,0.1,,
192,,,,,,,VCF_ANNOTATE_ALL,VCF_ANNOTATE_SNPEFF,SnpEff,5.1d,6,36,0.1,10,6,,
193,,,,,,,,TABIX_BGZIPTABIX,"bgzip
tabix",1.20,1,1,0.1,10,0.1,,
194,,,,,Inhouse,1.0.0,Structural Variant Pathogenicity Annotation,Structural Variant Pathogenicity Annotation,AnnotSV,3.5.3,8,16,0.2,10,300,,
195,,,,,,,Multiqc,Multiqc,multiqc,1.28,1,2,0.1,1,20,,
196,단백질 데이터 통계 분석,통계 기본 분석,Olink-Somascan Proteomics downstream analysis,Olink,Inhouse,1.0.0,Data Normalization,Bridging Normalization,R,4.3.1,1,24,0.2,1,"2,100",이유빈,"Olink Explore HT 패널 기준 (1,665 샘플)
marker 및 샘플 개수에 따라 output size 변동 큼
Olink Target 96 패널 및 분석 조합 6개 기준
분석 조합 및 DEP 개수에 따라 output size 변동 큼"
197,,,,,,,Data preprocessing,QC check & Filtering,R,4.3.1,4,24,0.1,1,2,,
198,,,,,,,Analysis for all samples,PCA,R,4.3.1,4,24,0.1,1,1,,
199,,,,,,,,MDS,R,4.3.1,4,24,0.1,1,1,,
200,,,,,,,,Differentially Expressed Analysis (DEP),R,4.3.1,4,24,0.1,1,65,,
201,,,,,,,,Pathway Enrichment Analysis,R,4.3.1,4,24,0.1,1,10,,
202,,,,,,,,Protein-Protein Interaction Network Analysis,R,4.3.1,4,24,0.1,1,1.5,,
203,,,,,,,,Correlation Analysis,R,4.3.1,4,24,0.1,1,1.5,,
204,,,,,,,,Report,python,3.11.9,4,24,0.1,1,18,,
205,,,,,,,Analysis for QC Pass samples,PCA,R,4.3.1,4,24,0.1,1,1,,
206,,,,,,,,MDS,R,4.3.1,4,24,0.1,1,1,,
207,,,,,,,,Differentially Expressed Analysis (DEP),R,4.3.1,4,24,0.1,1,70,,
208,,,,,,,,Pathway Enrichment Analysis,R,4.3.1,4,24,0.1,1,10,,
209,,,,,,,,Protein-Protein Interaction Network Analysis,R,4.3.1,4,24,0.1,1,1.5,,
210,,,,,,,,Correlation Analysis,R,4.3.1,4,24,0.1,1,1.5,,
211,,,,,,,,Report,python,3.11.9,4,24,0.1,1,18,,
212,,,,Somascan,Inhouse,1.0.0,Data preprocessing,QC check & Filtering,R,4.3.1,4,24,0.1,1,25,이유빈,"Somascan 11K 및 분석 조합 1개 기준
분석 조합 및 DEP 개수에 따라 output size 변동 큼
Output size의 경우, 유의미한 결과가 없어서 Olink와 동일하게 작성함"
213,,,,,,,Analysis for all samples,PCA,R,4.3.1,4,24,0.1,1,0.3,,
214,,,,,,,,MDS,R,4.3.1,4,24,0.1,1,0.3,,
215,,,,,,,,Differentially Expressed Analysis (DEP),R,4.3.1,4,24,0.1,1,7,,
216,,,,,,,,Pathway Enrichment Analysis,R,4.3.1,4,24,0.1,1,0.5,,
217,,,,,,,,Protein-Protein Interaction Network Analysis,R,4.3.1,4,24,0.1,1,1.5,,
218,,,,,,,,Correlation Analysis,R,4.3.1,4,24,0.1,1,1.5,,
219,,,,,,,,Report,python,3.11.9,4,24,0.1,1,5,,
220,,,,,,,Analysis for QC Pass samples,PCA,R,4.3.1,4,24,0.1,1,0.3,,
221,,,,,,,,MDS,R,4.3.1,4,24,0.1,1,0.3,,
222,,,,,,,,Differentially Expressed Analysis (DEP),R,4.3.1,4,24,0.1,1,7,,
223,,,,,,,,Pathway Enrichment Analysis,R,4.3.1,4,24,0.1,1,0.5,,
224,,,,,,,,Protein-Protein Interaction Network Analysis,R,4.3.1,4,24,0.1,1,1.5,,
225,,,,,,,,Correlation Analysis,R,4.3.1,4,24,0.1,1,1.5,,
226,,,,,,,,Report,python,3.11.9,4,24,0.1,1,5,,
227,Pangenome,Fungi Pangenome 분석,Fungi Pangenome construction,PacBio Sequel,Inhouse,1.0.0,AssemblyQCwithQuast,Assembly QC with Quast,Quast,5.2.0,20,64,0.1,4,140,이유빈,nTask 개수는 분석 샘플 개수로 설정됨
228,,,,,,,MergeQuast,Merge Quast QC results,bash,-,2,16,0.1,1,0.1,,
229,,,,,,,AssemblyProcess,Correction & Scaffolding & Gap Filling & Repeat Masking,"RagTag
TGS-GapCloser
RepeatModeler
RepeatMasker","2.1.0
1.1.1
2.0.6
4.1.7-p1",64,500,8.7,4,"41,000",,
230,,,,,,,Cactus,Pangenome Graph Construction,Minigraph-Cactus,2.6.13,64,64,5.1,1,"4,700",,
231,DNA Chip,Post GWAS,Post-GWAS downstream analysis,Microarray,Inhouse,1.0.0,InputFormatting,JS_GWAS_format,R,4.4.2,2,12,0.1,1,"1,100","이유빈, 서윤지",
232,,,,,,,,single_meta_GWAS_format,R,4.4.2,2,12,0.1,1,"3,994",,
233,,,,,,,,multi_meta_GWAS_format,R,4.4.2,2,12,0.1,1,"6,349",,
234,,,,,,,MR_Coloc,Harmonization_trait,R,4.4.2,16,64,0.3,1,"1,956",,
235,,,,,,,,Harmonization_eqtl,R,4.4.2,16,64,0.3,1,"5,222",,
236,,,,,,,MetaAnalysis,single_meta_Harmonization,R,4.4.2,4,32,0.5,1,"3,154",,
237,,,,,,,,multi_meta_Harmonization,R,4.4.2,4,32,0.8,1,"7,680",,
238,,,,,,,FineMapping,Finemap,"plink
susieR","1.90
0.14.2",10,24,0.2,1,"1,900",,
239,,,,,,,Genebased,MAGMA,magma,1.10,16,64,0.2,1,335,,
240,,,,,,,,mBAT_combo,gcta64,1.94.1,16,64,0.4,1,483,,
241,,,,,,,,sumFREGAT,sumFREGAT,1.2.5,64,500,3.7,1,"2,150",,
242,,,,,,,,Gene_based_report,quarto,1.7.31,16,32,0.1,1,9,,
243,,,,,,,MetaAnalysis,SingleMeta,METAL,2020-05-05,64,16,0.5,1,"2,355",,
244,,,,,,,,MultiMeta,MR-MEGA,0.2,16,8,0.2,1,"4,300",,
245,,,,,,,MR_Coloc,Coloc_GWAS,"python
coloc
locuscomparer","3.9.21
5.2.3
1.0.0",16,4,0.6,1,"2,200",,
246,,,,,,,,TwoMR_GWAS,"TwoSampleMR
MendelianRandomization","0.6.17
0.10.0",16,128,0.1,1,1,,
247,,,,,,,,Coloc_eQTL,"coloc
locuscomparer","5.2.3
1.0.0",16,4,0.1,1,782,,
248,,,,,,,,TwoMR_eQTL,"TwoSampleMR
MendelianRandomization","0.6.17
0.10.0",32,128,0.4,1,8,,
249,,,,,,,report,All_analysis_report,quarto,1.7.31,4,8,0.1,1,380,,
250,DNA Chip,Human 기본분석,Axiom Human Best Practice Analysis,Axiom Microarray,BestPractice,-,FlowlessInspection,FlowlessInspection,perl,5.38.2,1,8,0.01,1,7854.08,서윤지,"Axiom, 288ea 샘플 기준"
251,,,,,,-,GetVersionAPT,GetVersionAPT,apt_tool,2.11.4,1,1,0.01,1,0.03,,
252,,,,,,-,ScatterProbesetList,ScatterProbesetList,bash,4.4.20,1,1,0.01,1,9.8,,
253,,,,,,-,AptGenoQC,AptGenoQC,apt-geno-qc,2.10.0,2,1,0.13,1,1.2,,
254,,,,,,-,Genotype call,GenotypeCall,"apt-genotype-axiom
apt-format-result",2.11.3,2,16,0.43,2,8519.68,,
255,,,,,,-,Genotype call,GenotypeCallIgnoreDQC,"apt-genotype-axiom
apt-format-result",2.11.3,2,16,0.4,2,8519.68,,
256,,,,,,-,SNPolisher,SNPolisher,"ps-metrics
ps-classification",2.11.0,2,2,0.05,2,168.78,,
257,,,,,,-,SNPolisher,SNPolisherIgnoreDQC,"ps-metrics
ps-classification",2.11.0,2,2,0.05,2,168.78,,
258,,,,,,-,CallToPlink,CallToPlink,"perl
plink","5.38.2
v1.9.0-b.7.11",4,2,0.02,2,600,,
259,,,,,,-,CallToPlink,CallToPlinkIgnoreDQC,"perl
plink","5.38.2
v1.9.0-b.7.11",4,2,0.02,2,600,,
260,,,,,,-,MergePlink,MergePlink,plink,v1.9.0-b.7.11,8,2,0.01,1,81,,
261,,,,,,-,MergePlink,MergePlinkIgnoreDQC,plink,v1.9.0-b.7.11,8,2,0.01,1,81,,
262,,,,,,-,PlinkBasicQC,PlinkBasicQC,plink,v1.9.0-b.7.11,4,2,0.01,1,463,,
263,,,,,,-,PlinkBasicQC,PlinkBasicQCIgnoreDQC,plink,v1.9.0-b.7.11,4,2,0.02,1,463,,
264,,,,,,-,MakeSummaryAndDB,MakeSummaryAndDB,bash,4.4.20,1,1,0.01,1,0.19,,
265,,,,,,-,MakeSummaryAndDB,MakeSummaryAndDBIgnoreDQC,bash,4.4.20,1,1,0.01,1,0.19,,
266,,,,,,-,Report,Report,R,4.1.3,1,4,0.08,1,2457.6,,
267,,,,,,-,Report,ReportIgnoreDQC,R,4.1.3,1,4,0.09,1,2457.6,,
268,,Human 보건원분석,Axiom Human KNIH Protocol Analysis,,KNIHprotocol,-,GetVersionAPT,GetVersionAPT,apt_tool,2.11.4,1,1,0.01,1,0.03,서윤지,"Axiom, 1305ea 샘플 기준"
269,,,,,,-,AptGenoQC,AptGenoQC,apt-geno-qc,2.10.0,2,1,0.58,1,4.2,,
270,,,,,,-,FlowlessInspection,FlowlessInspection,perl,5.38.2,1,8,0.04,1,35840,,
271,,,,,,-,FirstGenotypeCall,FirstGenotypeCall,"apt-genotype-axiom
apt-format-result",2.11.3,2,32,2.3,1,64512,,
272,,,,,,-,FirstCallToPlink,FirstCallToPlink,plink,v1.9.0-b.7.11,4,8,0.08,1,5427.2,,
273,,,,,,-,FirstSNPolisher,FirstSNPolisher,"ps-metrics
ps-classification",2.11.0,2,2,0.28,1,306,,
274,,,,,,-,FirstMakeSummaryAndDB,FirstMakeSummaryAndDB,bash,4.4.20,1,1,0.01,1,1.2,,
275,,,,,,-,FirstQC,FirstQC,plink,v1.9.0-b.7.11,1,2,0.02,1,1126.4,,
276,,,,,,-,SecondGenotypeCall,SecondGenotypeCall,"apt-genotype-axiom
apt-format-result",2.11.3,2,32,2.2,1,64512,,
277,,,,,,-,SecondCallToPlink,SecondCallToPlink,plink,v1.9.0-b.7.11,4,8,0.08,1,5017.6,,
278,,,,,,-,SecondMakeSummaryAndDB,SecondMakeSummaryAndDB,"ps-metrics
ps-classification",2.11.0,1,2,0.01,1,1.3,,
279,,,,,,-,SecondSNPolisher,SecondSNPolisher,bash,4.4.20,2,2,0.29,1,296,,
280,,,,,,-,SecondQC,SecondQC,plink,v1.9.0-b.7.11,1,2,0.05,1,2252.8,,
281,,,,,,-,Report,Report,R,4.1.3,1,4,0.05,1,4710.4,,
282,,GWAS,Genome-Wide Assocication Stuty(GWAS),Microarray,Inhouse,1.0.0,Regression,Regression,plink,v1.9.0-b.7.11,1,4,0.35,1,1843.2,서윤지,427ea 샘플기준
283,,,,,,,VisualInspection,VisualInspection,Python,3.8.12,1,2,1,1,400,,
284,,,,,,,Cluster QC,Cluster QC,Python,3.8.12,1,2,0.05,1,8.7,,
285,,,,,,,Locuszoom,Locuszoom,locuszoom,1.4,2,4,0.97,1,55,,
286,,,,,,,GWAS plot,GWAS plot,R,4.1.3,1,2,0.02,1,0.01,,
287,,DNAGPS,DNAGPS,Axiom Microarray,Inhouse,1.0.0,Genotype call,GenotypeCall,apt-genotype-axiom,2.11.3,2,8,0.12,1,3,서윤지,"VN, 96ea(target 8ea) 샘플 기준"
288,,,,,,,CallToPlink,CallToPlink,"perl
plink","5.38.2
v1.9.0-b.7.11",2,4,0.02,1,0.45,,
289,,,,,,,SNPolisher,SNPolisher,"ps-metrics
ps-classification",2.11.0,2,4,0.02,1,0.31,,
290,,,,,,,Cluster QC,Cluster QC,Python,3.8.12,1,2,0.02,1,40,,
291,,PRS,Polygenic Rist Score(PRS) Analysis,Microarray,Inhouse,1.0.0,plink GRS,plink GRS,plink,v1.9.0-b.7.11,4,8,0.02,1,0.57,서윤지,"1개 phenotype, variant 수 70개 미만 기준"
292,,,,,,,PRSice2,PRSice2,PRSice2,2.3.5,4,8,0.02,1,0.74,,
293,,,,,,,PRScs,PRScs,PRScs,v1.1.0,4,8,0.02,1,2.2,,
294,,,,,,,LDpred2,LDpred2,bigsnpr,1.12.18,4,32,0.02,1,1331.2,,
295,,Human 기본분석,Illumina Human Analysis,Illumina Microarray,Inhouse,1.0.0,Reprocessing_Sample,Reprocessing_Sample,Python,3.9.12,2,4,0.02,1,0.12,서윤지,"iScan, 48ea 샘플 기준, array-analysis-cli 이용 분석"
296,,,,,,,Genotype call,Genotype call,array-analysis-cli,v1.0,2,32,0.27,1,6553.6,,
297,,,,,,,CallToPlink,CallToPlink,plink2,v2.00a3LM,2,4,0.05,1,1536,,
298,,,,,,,Plink2BasicQC,Plink2BasicQC,plink2,v2.00a3LM,2,4,0.04,1,241,,
299,,,,,,,SummaryAndReport,SummaryAndReport,"R
plink2","4.1.3
v2.00a3LM",2,4,0.05,1,263,,
300,,CNV analysis,Illumina Copy Number Variation(CNV) analysis,Illumina Microarray,Inhouse,1.0.0,Genome Studio cnvPartition,Genome Studio cnvPartition,cnvPartition plugi,3.2.0,4,4,0.5,1,983,서윤지,"window 실행, 48ea 샘플 기준"
301,,,,,,,Genome Studio CNV Region Report,Genome Studio CNV Region Report,CNV Region Report plugin,2.1.1,4,4,2,1,6348.8,,
302,커스텀 분석,PWAS,Proteome-Wide Association Study(PWAS),"Olink, Microarray",Inhouse,1.0.0,Individuals,Individuals,bcftools,1.2,4,4,0.02,1,0.06,서윤지,"샘플 860ea, Olink HT (5414개 단백질) 기준"
303,,,,,,,GenoDataInput,GenoDataInput,"bcftools
plink","1.2
1,9",32,64,0.02,1,164864,,
304,,,,,,,ProteinDataInput,ProteinDataInput,bash,4.4.20,16,32,0.01,1,163.47,,
305,,,,,,,chunk_proteins,chunk_proteins,python,3.7.12,4,8,0.01,1,0.07,,
306,,,,,,,run_GWAS,run_GWAS,plink,v1.90b7.2,16,32,0.07,1,967,,
307,,,,,,,GWASsummary,GWASsummary,ldsc,v1.0.1,16,32,0.01,1,639,,
308,,,,,,,LDrefData,LDrefData,plink,v1.90b7.2,16,32,0.06,1,63488,,
309,,,,,,,FUSION_wgt,FUSION_wgt,R,4.3.3,64,500,84,56,7065.6,,
310,,,,,,,PWASO_format,PWASO_format,bash,4.4.20,4,4,0.07,1,7475.2,,
311,,,,,,,PWASO_Model,PWASO_Model,TIGAR,v1,64,16,2,22,185,,
312,,,,,,,FUSION_assoc_test,FUSION_assoc_test,R,4.3.3,64,64,0.34,1,189,,
313,,,,,,,FUSION_assoc_final,FUSION_assoc_final,bash,4.4.20,64,64,0.01,1,0.62,,
314,,,,,,,FUSION_exel,FUSION_exel,R,4.3.3,16,8,0.02,1,0.44,,
315,,,,,,,PWASO_preFusion,PWASO_preFusion,R,4.3.3,16,8,1.1,1,262,,
316,,,,,,,PWASO_FusionModel,PWASO_FusionModel,TIGAR,v1,16,8,0.01,22,51,,
317,,,,,,,PWASO_PWAS,PWASO_PWAS,TIGAR,v1,16,8,0.44,22,4.5,,
318,,,,,,,PWASO_MergePWAS,PWASO_MergePWAS,bash,4.4.20,4,4,0.01,1,0.69,,
319,,,,,,,PWASO_ACAT,PWASO_ACAT,R,4.3.3,8,4,0.01,1,0.24,,
320,,,,,,,FUSION_plot,FUSION_plot,R,4.3.3,16,8,0.29,1,99,,
321,,,,,,,FUSION_report,FUSION_report,R,4.3.3,8,4,0.03,1,190,,
322,,,,,,,PWASO_Plot,PWASO_Plot,R,4.3.3,8,4,0.13,1,41,,
323,,,,,,,PWASO_Summary,PWASO_Summary,python,3.7.12,4,4,0.02,1,0.52,,
324,,,,,,,PWAS_report,PWAS_report,R,4.3.3,8,4,0.23,1,26624,,
325,,,,,,,MR_coloc,MR_prep_genotype,plink,v1.90b7.2,12,12,0.08,1,7884.8,,
326,,,,,,,,OneSampleMR,ivreg,0.6_2,12,4,0.1,1,274,,
327,,,,,,,,Colocalization,coloc,5.2.3,16,4,0.12,1,3481.6,,
328,,,,,,,,MR_plot,R,4.3.3,12,4,0.11,1,102,,
329,,,,,,,,Coloc_Locuszoom,locuszoom,1.4,16,4,3.4,1,112,,
330,,,,,,,,Protein_anno,R,4.3.3,2,4,0.01,1,0.03,,
331,,,,,,,,SNP_anno,snpEff,4.2,2,4,0.02,1,1,,
332,,,,,,,,MR_Coloc_Report,R,4.3.3,2,4,0.01,1,87,,
333,커스텀 분석,모델링 및 시뮬레이션 ,Kinics-ICS,Axiom Microarray,Inhouse,1.0.0,ICS,plinkQC,"plink1.9
perl","v1.90b7.2
v5.16.3",2,4,0.1,1,65,"박윤기,서윤지",391ea 기준
334,,,,,,,,Phasing,Shapeit,v2.r904,2,8,2,22,47,,
335,,,,,,,,makeIBSvalue,python,3.6.8,2,8,30,22,250,,
336,,,,,,,,makeICSsegment,python,3.6.8,2,4,1,682,1536,,
337,,,,,,,,ICSintegration,"python
R","3.6.8
4.0.5",2,1,0.5,1,110,,
338,,,,,,,,makePlots,R,4.0.5,1,1,0.1,1,1,,